{"cameraMode":{"drawMode":0,"name":"Shaded","section":"Shading Mode"},"sceneLighting":true,"audioPlay":false,"sceneViewState":{"showFog":true,"showMaterialUpdate":false,"showSkybox":true,"showFlares":true,"showImageEffects":true,"showParticleSystems":true},"in2DMode":false,"pivot":{"x":-120.67449951171875,"y":69.27687072753906,"z":290.1058349609375},"rotation":{"x":0.0653938353061676,"y":0.9271991848945618,"z":-0.19676963984966279,"w":0.3128052353858948},"size":30.110685348510743,"orthographic":false}